ALS,AL,American League,All Stars(A)
ASE,,East,All Stars(E)
ASW,,West,All Stars(W)
BIR,NAL,Birmingham,Black Barons
BLG,NN2,Baltimore,Elite Giants
BOS,AL,Boston,Red Sox
BRO,NL,Brooklyn,Dodgers
BSN,NL,Boston,Braves
CAG,NAL,Chicago,American Giants
CHA,AL,Chicago,White Sox
CHN,NL,Chicago,Cubs
CIN,NL,Cincinnati,Reds
CLE,AL,Cleveland,Indians
DET,AL,Detroit,Tigers
ECG,,Eastern,Colored Giants
HOM,NN2,Homestead,Grays
JAX,NAL,Jacksonville,Red Caps
KCM,NAL,Kansas City,Monarchs
MEM,NAL,Memphis,Red Sox
MLS,,Major League,All Stars(M)
NAL,,NAL,All Stars (A)
NLS,NL,National League,All Stars(N)
NNL,,NNL,All Stars (N)
NW2,NN2,Newark,Eagles
NY1,NL,New York,Giants
NY5,NN2,New York,Black Yankees
NY6,NN2,New York,Cubans
NYA,AL,New York,Yankees
PH5,NN2,Philadelphia,Stars
PHA,AL,Philadelphia,Athletics
PHI,NL,Philadelphia,Phillies
PIR,,Pirrone,All Stars
PIT,NL,Pittsburgh,Pirates
SLA,AL,St.Louis,Browns
SLN,NL,St.Louis,Cardinals
SNO,NAL,St. Louis - New Orleans,Stars
TWA,,Ted Williams,All Stars(TW)
WS1,AL,Washington,Senators
