BAL,A,Baltimore,Orioles
BOS,A,Boston,Red Sox
CLE,A,Cleveland,Indians
DET,A,Detroit,Tigers
MIL,A,Milwaukee,Brewers
NYA,A,New York,Yankees
TOR,A,Toronto,Blue Jays
CAL,A,California,Angels
CHA,A,Chicago,White Sox
KCA,A,Kansas City,Royals
MIN,A,Minnesota,Twins
OAK,A,Oakland,Athletics
SEA,A,Seattle,Mariners
TEX,A,Texas,Rangers
CHN,N,Chicago,Cubs
MON,N,Montreal,Expos
NYN,N,New York,Mets
PHI,N,Philadelphia,Phillies
PIT,N,Pittsburgh,Pirates
SLN,N,St. Louis,Cardinals
ATL,N,Atlanta,Braves
CIN,N,Cincinnati,Reds
HOU,N,Houston,Astros
LAN,N,Los Angeles,Dodgers
SDN,N,San Diego,Padres
SFN,N,San Francisco,Giants
