ANA,A,Anaheim,Angels
BAL,A,Baltimore,Orioles
BOS,A,Boston,Red Sox
CHA,A,Chicago,White Sox
CLE,A,Cleveland,Indians
DET,A,Detroit,Tigers
KCA,A,Kansas City,Royals
MIN,A,Minnesota,Twins
NYA,A,New York,Yankees
OAK,A,Oakland,Athletics
SEA,A,Seattle,Mariners
TBA,A,Tampa Bay,Devil Rays
TEX,A,Texas,Rangers
TOR,A,Toronto,Blue Jays
ARI,N,Arizona,Diamondbacks
ATL,N,Atlanta,Braves
CHN,N,Chicago,Cubs
CIN,N,Cincinnati,Reds
COL,N,Colorado,Rockies
FLO,N,Florida,Marlins
HOU,N,Houston,Astros
LAN,N,Los Angeles,Dodgers
MIL,N,Milwaukee,Brewers
NYN,N,New York,Mets
PHI,N,Philadelphia,Phillies
PIT,N,Pittsburgh,Pirates
SDN,N,San Diego,Padres
SFN,N,San Francisco,Giants
SLN,N,St. Louis,Cardinals
WAS,N,Washington,Nationals
