BAL,A,Baltimore,Orioles
BOS,A,Boston,Red Sox
CAL,A,California,Angels
CHA,A,Chicago,White Sox
CLE,A,Cleveland,Indians
DET,A,Detroit,Tigers
KCA,A,Kansas City,Royals
MIL,A,Milwaukee,Brewers
MIN,A,Minnesota,Twins
NYA,A,New York,Yankees
OAK,A,Oakland,Athletics
SEA,A,Seattle,Mariners
TEX,A,Texas,Rangers
TOR,A,Toronto,Blue Jays
ATL,N,Atlanta,Braves
CHN,N,Chicago,Cubs
CIN,N,Cincinnati,Reds
HOU,N,Houston,Astros
LAN,N,Los Angeles,Dodgers
MON,N,Montreal,Expos
NYN,N,New York,Mets
PHI,N,Philadelphia,Phillies
PIT,N,Pittsburgh,Pirates
SDN,N,San Diego,Padres
SFN,N,San Francisco,Giants
SLN,N,St. Louis,Cardinals