ACY,ANL,Atlantic City,Bacharach Giants
ALN,,American League,All Stars
ASB,,Baltimore,All Stars
ASL,,Lou Gehrig,All Stars
BIR,NN1,Birmingham,Black Barons
BLS,ANL,Baltimore,Black Sox
BOS,AL,Boston,Red Sox
BRG,,Brooklyn,Royal Giants
BRO,NL,Brooklyn,Robins
BSN,NL,Boston,Braves
CAG,NN1,Chicago,American Giants
CHA,AL,Chicago,White Sox
CHN,NL,Chicago,Cubs
CIN,NL,Cincinnati,Reds
CLE,AL,Cleveland,Indians
CUE,ANL,Cuban,Stars (East)
CUW,NN1,Cuban,Stars (West)
DET,AL,Detroit,Tigers
DT1,NN1,Detroit,Stars
HIL,ANL,Hilldale,Giants
HOM,ANL,Homestead,Grays
KCM,NN1,Kansas City,Monarchs
MEM,NN1,Memphis,Red Sox
NSH,,Nashville,Elite Giants
NY1,NL,New York,Giants
NYA,AL,New York,Yankees
NYL,ANL,New York,Lincoln Giants
PHA,AL,Philadelphia,Athletics
PHI,NL,Philadelphia,Phillies
PIR,,Pirrone,All Stars
PIT,NL,Pittsburgh,Pirates
PRG,,Philadelphia,Royal Giants
SLA,AL,St.Louis,Browns
SLN,NL,St.Louis,Cardinals
SSN,NN1,St. Louis,Stars
WS1,AL,Washington,Senators
