ACY,ECL,Atlantic City,Bacharach Giants
ALN,,American League,All Stars
BLS,ECL,Baltimore,Black Sox
BOS,AL,Boston,Red Sox
BRG,ECL,Brooklyn,Royal Giants
BRO,NL,Brooklyn,Robins
BRS,,Babe Ruth,All Stars
BSN,NL,Boston,Braves
CAG,NN1,Chicago,American Giants
CHA,AL,Chicago,White Sox
CHN,NL,Chicago,Cubs
CIN,NL,Cincinnati,Reds
CLE,AL,Cleveland,Indians
CUE,ECL,Cuban,Stars (East)
CUW,NN1,Cuban,Stars (West)
CV3,NN1,Cleveland,Elites
DAY,NN1,Dayton,Marcos
DET,AL,Detroit,Tigers
DT1,NN1,Detroit,Stars
HAE,ECL,Harrisburg,Giants
HIL,ECL,Hilldale,Giants
HOM,,Homestead,Grays
IN4,NN1,Indianapolis,ABCs
KCM,NN1,Kansas City,Monarchs
NWS,ECL,Newark,Stars
NY1,NL,New York,Giants
NYA,AL,New York,Yankees
NYL,ECL,New York,Lincoln Giants
PHA,AL,Philadelphia,Athletics
PHI,NL,Philadelphia,Phillies
PIR,,Pirrone,All Stars
PIT,NL,Pittsburgh,Pirates
PRG,,Philadelphia,Royal Giants
SLA,AL,St.Louis,Browns
SLN,NL,St.Louis,Cardinals
SSN,NN1,St. Louis,Stars
WS1,AL,Washington,Senators
