ALS,A,American League,All Stars(A)
ANA,A,Anaheim,Angels
ARI,N,Arizona,Diamondbacks
ATL,N,Atlanta,Braves
BAL,A,Baltimore,Orioles
BOS,A,Boston,Red Sox
CHA,A,Chicago,White Sox
CHN,N,Chicago,Cubs
CIN,N,Cincinnati,Reds
CLE,A,Cleveland,Indians
COL,N,Colorado,Rockies
DET,A,Detroit,Tigers
HOU,A,Houston,Astros
KCA,A,Kansas City,Royals
LAN,N,Los Angeles,Dodgers
MIA,N,Miami,Marlins
MIL,N,Milwaukee,Brewers
MIN,A,Minnesota,Twins
NLS,N,National League,All Stars(N)
NYA,A,New York,Yankees
NYN,N,New York,Mets
OAK,A,Oakland,Athletics
PHI,N,Philadelphia,Phillies
PIT,N,Pittsburgh,Pirates
SDN,N,San Diego,Padres
SEA,A,Seattle,Mariners
SFN,N,San Francisco,Giants
SLN,N,St. Louis,Cardinals
TBA,A,Tampa Bay,Rays
TEX,A,Texas,Rangers
TOR,A,Toronto,Blue Jays
WAS,N,Washington,Nationals
